METADATA,mixed-schedule
MONTHLY_MULTIPLIER,0.8,0.8,0.8,0.8,0.8,0.8,0.8,0.8,0.8,0.8,0.8,0.8
PROCESSES,ELECTROMOBILITY,HOUR,HEATING,OCCUPANCY,SERVERS,WATER,COOLING,LIGHTING,APPLIANCES,DAY
0.22,0.0,1,SETPOINT,0.2,0.0,0.2,SETBACK,0.2,0.2,WEEKDAY
0.22,0.0,2,SETPOINT,0.2,0.0,0.2,SETBACK,0.2,0.2,WEEKDAY
0.22,0.0,3,SETPOINT,0.2,0.0,0.2,SETBACK,0.2,0.2,WEEKDAY
0.22,0.0,4,SETPOINT,0.2,0.0,0.2,SETBACK,0.2,0.2,WEEKDAY
0.22,0.0,5,SETPOINT,0.2,0.0,0.2,SETBACK,0.2,0.2,WEEKDAY
0.22,0.0,6,SETPOINT,0.5,0.0,0.5,SETBACK,0.5,0.5,WEEKDAY
0.31,0.0,7,SETPOINT,0.8,0.0,0.8,SETBACK,0.8,0.8,WEEKDAY
0.28,0.0,8,SETPOINT,1.0,0.0,1.0,SETPOINT,1.0,1.0,WEEKDAY
0.3,0.0,9,SETPOINT,1.0,0.0,1.0,SETPOINT,1.0,1.0,WEEKDAY
0.31,0.0,10,SETPOINT,0.8,0.0,0.8,SETPOINT,0.8,0.8,WEEKDAY
0.32,0.0,11,SETPOINT,1.0,0.0,1.0,SETPOINT,1.0,1.0,WEEKDAY
0.32,0.0,12,SETPOINT,0.5,0.0,0.5,SETPOINT,0.5,0.5,WEEKDAY
0.32,0.0,13,SETPOINT,0.8,0.0,0.8,SETPOINT,0.8,0.8,WEEKDAY
0.31,0.0,14,SETPOINT,1.0,0.0,1.0,SETPOINT,1.0,1.0,WEEKDAY
0.32,0.0,15,SETPOINT,1.0,0.0,1.0,SETPOINT,1.0,1.0,WEEKDAY
0.33,0.0,16,SETPOINT,0.8,0.0,0.8,SETPOINT,0.8,0.8,WEEKDAY
0.33,0.0,17,SETPOINT,0.8,0.0,0.8,SETPOINT,0.8,0.8,WEEKDAY
0.32,0.0,18,SETPOINT,0.8,0.0,0.8,SETPOINT,0.8,0.8,WEEKDAY
0.31,0.0,19,SETPOINT,0.5,0.0,0.5,SETBACK,0.5,0.5,WEEKDAY
0.27,0.0,20,SETPOINT,0.5,0.0,0.5,SETBACK,0.5,0.5,WEEKDAY
0.26,0.0,21,SETPOINT,0.5,0.0,0.5,SETBACK,0.5,0.5,WEEKDAY
0.26,0.0,22,SETPOINT,0.5,0.0,0.5,SETBACK,0.5,0.5,WEEKDAY
0.27,0.0,23,SETPOINT,0.2,0.0,0.2,SETBACK,0.2,0.2,WEEKDAY
0.25,0.0,24,SETPOINT,0.2,0.0,0.2,SETBACK,0.2,0.2,WEEKDAY
0.22,0.0,1,OFF,0.0,0.0,0.0,OFF,0.2,0.2,SATURDAY
0.22,0.0,2,OFF,0.0,0.0,0.0,OFF,0.2,0.2,SATURDAY
0.22,0.0,3,OFF,0.0,0.0,0.0,OFF,0.2,0.2,SATURDAY
0.22,0.0,4,OFF,0.0,0.0,0.0,OFF,0.2,0.2,SATURDAY
0.22,0.0,5,OFF,0.0,0.0,0.0,OFF,0.2,0.2,SATURDAY
0.22,0.0,6,OFF,0.0,0.0,0.0,OFF,0.2,0.2,SATURDAY
0.22,0.0,7,OFF,0.0,0.0,0.0,OFF,0.2,0.2,SATURDAY
0.22,0.0,8,OFF,0.0,0.0,0.0,OFF,0.2,0.2,SATURDAY
0.23,0.0,9,OFF,0.0,0.0,0.0,OFF,0.2,0.2,SATURDAY
0.24,0.0,10,OFF,0.0,0.0,0.0,OFF,0.2,0.2,SATURDAY
0.24,0.0,11,OFF,0.0,0.0,0.0,OFF,0.2,0.2,SATURDAY
0.07,0.0,12,OFF,0.0,0.0,0.0,OFF,0.2,0.2,SATURDAY
0.06,0.0,13,OFF,0.0,0.0,0.0,OFF,0.2,0.2,SATURDAY
0.06,0.0,14,OFF,0.0,0.0,0.0,OFF,0.2,0.2,SATURDAY
0.06,0.0,15,OFF,0.0,0.0,0.0,OFF,0.2,0.2,SATURDAY
0.06,0.0,16,OFF,0.0,0.0,0.0,OFF,0.2,0.2,SATURDAY
0.05,0.0,17,OFF,0.0,0.0,0.0,OFF,0.2,0.2,SATURDAY
0.05,0.0,18,OFF,0.0,0.0,0.0,OFF,0.2,0.2,SATURDAY
0.05,0.0,19,OFF,0.0,0.0,0.0,OFF,0.2,0.2,SATURDAY
0.05,0.0,20,OFF,0.0,0.0,0.0,OFF,0.2,0.2,SATURDAY
0.05,0.0,21,OFF,0.0,0.0,0.0,OFF,0.2,0.2,SATURDAY
0.05,0.0,22,OFF,0.0,0.0,0.0,OFF,0.2,0.2,SATURDAY
0.05,0.0,23,OFF,0.0,0.0,0.0,OFF,0.2,0.2,SATURDAY
0.05,0.0,24,OFF,0.0,0.0,0.0,OFF,0.2,0.2,SATURDAY
0.03,0.0,1,OFF,0.0,0.0,0.0,OFF,0.2,0.2,SUNDAY
0.03,0.0,2,OFF,0.0,0.0,0.0,OFF,0.2,0.2,SUNDAY
0.03,0.0,3,OFF,0.0,0.0,0.0,OFF,0.2,0.2,SUNDAY
0.03,0.0,4,OFF,0.0,0.0,0.0,OFF,0.2,0.2,SUNDAY
0.03,0.0,5,OFF,0.0,0.0,0.0,OFF,0.2,0.2,SUNDAY
0.03,0.0,6,OFF,0.0,0.0,0.0,OFF,0.2,0.2,SUNDAY
0.03,0.0,7,OFF,0.0,0.0,0.0,OFF,0.2,0.2,SUNDAY
0.03,0.0,8,OFF,0.0,0.0,0.0,OFF,0.2,0.2,SUNDAY
0.03,0.0,9,OFF,0.0,0.0,0.0,OFF,0.2,0.2,SUNDAY
0.03,0.0,10,OFF,0.0,0.0,0.0,OFF,0.2,0.2,SUNDAY
0.03,0.0,11,OFF,0.0,0.0,0.0,OFF,0.2,0.2,SUNDAY
0.03,0.0,12,OFF,0.0,0.0,0.0,OFF,0.2,0.2,SUNDAY
0.03,0.0,13,OFF,0.0,0.0,0.0,OFF,0.2,0.2,SUNDAY
0.03,0.0,14,OFF,0.0,0.0,0.0,OFF,0.2,0.2,SUNDAY
0.03,0.0,15,OFF,0.0,0.0,0.0,OFF,0.2,0.2,SUNDAY
0.03,0.0,16,OFF,0.0,0.0,0.0,OFF,0.2,0.2,SUNDAY
0.03,0.0,17,OFF,0.0,0.0,0.0,OFF,0.2,0.2,SUNDAY
0.03,0.0,18,OFF,0.0,0.0,0.0,OFF,0.2,0.2,SUNDAY
0.03,0.0,19,OFF,0.0,0.0,0.0,OFF,0.2,0.2,SUNDAY
0.03,0.0,20,OFF,0.0,0.0,0.0,OFF,0.2,0.2,SUNDAY
0.03,0.0,21,OFF,0.0,0.0,0.0,OFF,0.2,0.2,SUNDAY
0.03,0.0,22,OFF,0.0,0.0,0.0,OFF,0.2,0.2,SUNDAY
0.03,0.0,23,OFF,0.0,0.0,0.0,OFF,0.2,0.2,SUNDAY
0.03,0.0,24,OFF,0.0,0.0,0.0,OFF,0.2,0.2,SUNDAY
